,F1014anonym,label,cat labels
6008,Nichts,Enthaltung,0
32251,Nichts,Enthaltung,0
33149,Nichts,Enthaltung,0
19752,Nichts,Enthaltung,0
32956,Nichts,Enthaltung,0
31711,Nichts,Enthaltung,0
11075,Nichts,Enthaltung,0
20965,Nichts,Enthaltung,0
4779,Nichts,Enthaltung,0
5554,Nichts,Enthaltung,0
29026,Nichts,Enthaltung,0
19323,Nichts,Enthaltung,0
31738,Nichts,Enthaltung,0
2783,Nichts,Enthaltung,0
11272,Nichts,Enthaltung,0
31482,Nichts,Enthaltung,0
29423,Nichts,Enthaltung,0
10561,Nichts,Enthaltung,0
32520,Nichts,Enthaltung,0
32283,Nichts,Enthaltung,0
20537,Nichts,Enthaltung,0
20943,keine Angabe,Enthaltung,0
19656,Nichts,Enthaltung,0
11158,Nichts,Enthaltung,0
21486,keine Angabe,Enthaltung,0
29212,Nichts,Enthaltung,0
29511,Nichts,Enthaltung,0
19915,Nichts,Enthaltung,0
19227,Nichts,Enthaltung,0
32255,Nichts,Enthaltung,0
21194,Nichts,Enthaltung,0
6038,Nichts,Enthaltung,0
21958,Nichts,Enthaltung,0
19584,Nichts,Enthaltung,0
19862,Nichts,Enthaltung,0
2823,Nichts,Enthaltung,0
21936,Nichts,Enthaltung,0
5239,Nichts,Enthaltung,0
32053,Nichts,Enthaltung,0
20510,Nichts,Enthaltung,0
11264,Nichts,Enthaltung,0
19502,Nichts,Enthaltung,0
33052,Nichts,Enthaltung,0
32751,Nichts,Enthaltung,0
20935,keine Angabe,Enthaltung,0
5355,Nichts,Enthaltung,0
31415,Nichts,Enthaltung,0
30733,Nichts,Enthaltung,0
5230,Nichts,Enthaltung,0
12086,Nichts,Enthaltung,0
29025,Nichts,Enthaltung,0
29286,Nichts,Enthaltung,0
20440,Nichts,Enthaltung,0
32210,Nichts,Enthaltung,0
20485,Nichts,Enthaltung,0
10964,Nichts,Enthaltung,0
5494,Nichts,Enthaltung,0
33230,Nichts,Enthaltung,0
22620,Nichts,Enthaltung,0
2916,Nichts,Enthaltung,0
4985,Nichts,Enthaltung,0
2855,Nichts,Enthaltung,0
31840,Nichts,Enthaltung,0
32922,Nichts,Enthaltung,0
31565,Nichts,Enthaltung,0
22050,Nichts,Enthaltung,0
32899,Nichts,Enthaltung,0
30549,Nichts,Enthaltung,0
19614,Nichts,Enthaltung,0
30699,Nichts,Enthaltung,0
10602,Nichts,Enthaltung,0
30175,Nichts,Enthaltung,0
11112,Nichts,Enthaltung,0
22272,Nichts,Enthaltung,0
20477,keine Angaben,Enthaltung,0
32078,Nichts,Enthaltung,0
22137,Nichts,Enthaltung,0
21481,keine Angabe,Enthaltung,0
5831,Nichts,Enthaltung,0
29881,Nichts,Enthaltung,0
30400,Nichts,Enthaltung,0
31599,Nichts,Enthaltung,0
31698,Nichts,Enthaltung,0
22611,Nichts,Enthaltung,0
5555,Nichts,Enthaltung,0
20343,Nichts,Enthaltung,0
30970,Nichts,Enthaltung,0
4880,Nichts,Enthaltung,0
5337,Nichts,Enthaltung,0
20427,Nichts,Enthaltung,0
22565,keine Angabe,Enthaltung,0
22650,keine Angabe,Enthaltung,0
29794,Nichts,Enthaltung,0
30329,Nichts,Enthaltung,0
32871,Nichts,Enthaltung,0
21747,Nichts,Enthaltung,0
4894,Nichts,Enthaltung,0
32162,Nichts,Enthaltung,0
12031,Nichts,Enthaltung,0
5297,Nichts,Enthaltung,0
32903,Nichts,Enthaltung,0
31845,Nichts,Enthaltung,0
20051,Nichts,Enthaltung,0
12131,Nichts,Enthaltung,0
5351,Nichts,Enthaltung,0
21010,Nichts,Enthaltung,0
22587,Nichts,Enthaltung,0
31967,Nichts,Enthaltung,0
20873,keine Angabe,Enthaltung,0
33024,Nichts,Enthaltung,0
5480,Nichts,Enthaltung,0
33317,Nichts,Enthaltung,0
20196,Nichts,Enthaltung,0
10877,Nichts,Enthaltung,0
22036,Nichts,Enthaltung,0
21915,Nichts,Enthaltung,0
5357,Nichts,Enthaltung,0
33319,Nichts,Enthaltung,0
31446,Nichts,Enthaltung,0
22255,Nichts,Enthaltung,0
19519,Nichts,Enthaltung,0
21403,keine Angabe,Enthaltung,0
20727,keine Angabe,Enthaltung,0
29589,Nichts,Enthaltung,0
19722,Nichts,Enthaltung,0
21558,Nichts,Enthaltung,0
3073,Nichts,Enthaltung,0
5375,Nichts,Enthaltung,0
29839,Nichts,Enthaltung,0
21378,keine Angabe,Enthaltung,0
22460,keine Angabe,Enthaltung,0
20745,keine Angabe,Enthaltung,0
21467,keine Angabe,Enthaltung,0
22500,keine Angabe,Enthaltung,0
11015,Nichts,Enthaltung,0
20571,Nichts,Enthaltung,0
33231,Nichts,Enthaltung,0
2891,Nichts,Enthaltung,0
21514,Nichts,Enthaltung,0
19969,Nichts,Enthaltung,0
5187,Nichts,Enthaltung,0
31070,Nichts,Enthaltung,0
5966,Nichts,Enthaltung,0
31744,Nichts,Enthaltung,0
5473,Nichts,Enthaltung,0
5303,Nichts,Enthaltung,0
5592,Nichts,Enthaltung,0
21715,keine Angabe,Enthaltung,0
32967,Nichts,Enthaltung,0
31979,Nichts,Enthaltung,0
10702,Nichts,Enthaltung,0
20577,Nichts,Enthaltung,0
19098,Nichts,Enthaltung,0
20246,Nichts,Enthaltung,0
20306,Nichts,Enthaltung,0
31492,Nichts,Enthaltung,0
12098,Nichts,Enthaltung,0
21757,keine Angabe,Enthaltung,0
18909,Nichts,Enthaltung,0
30162,Nichts,Enthaltung,0
19849,Nichts,Enthaltung,0
29402,Nichts,Enthaltung,0
30423,Nichts,Enthaltung,0
31490,Nichts,Enthaltung,0
5167,Nichts,Enthaltung,0
4786,Nichts,Enthaltung,0
20056,Nichts,Enthaltung,0
19633,Nichts,Enthaltung,0
5110,Nichts,Enthaltung,0
5605,Nichts,Enthaltung,0
10563,Nichts,Enthaltung,0
21198,Nichts,Enthaltung,0
21764,keine Angabe,Enthaltung,0
30223,Nichts,Enthaltung,0
31922,Nichts,Enthaltung,0
20584,Nichts,Enthaltung,0
31805,Nichts,Enthaltung,0
32442,Nichts,Enthaltung,0
3063,Nichts,Enthaltung,0
19275,Nichts,Enthaltung,0
11322,Nichts,Enthaltung,0
20810,keine Angabe,Enthaltung,0
19430,Nichts,Enthaltung,0
33308,Nichts,Enthaltung,0
29495,Nichts,Enthaltung,0
5649,Nichts,Enthaltung,0
31190,Nichts,Enthaltung,0
21751,Nichts,Enthaltung,0
11353,Nichts,Enthaltung,0
19462,Nichts,Enthaltung,0
21577,-,Enthaltung,0
21316,keine Angabe,Enthaltung,0
32271,Nichts,Enthaltung,0
21567,Nichts,Enthaltung,0
31235,Nichts,Enthaltung,0
19231,Nichts,Enthaltung,0
32778,Nichts,Enthaltung,0
4801,Nichts,Enthaltung,0
32599,Nichts,Enthaltung,0
6014,Nichts,Enthaltung,0
12036,Nichts,Enthaltung,0
29571,Nichts,Enthaltung,0
32157,Nichts,Enthaltung,0
5774,Nichts,Enthaltung,0
31352,Nichts,Enthaltung,0
21946,Nichts,Enthaltung,0
22467,keine Angabe,Enthaltung,0
29767,Nichts,Enthaltung,0
29297,Nichts,Enthaltung,0
2973,Nichts,Enthaltung,0
5952,Nichts,Enthaltung,0
31066,Nichts,Enthaltung,0
19284,Nichts,Enthaltung,0
11130,Nichts,Enthaltung,0
20282,Nichts,Enthaltung,0
31272,Nichts,Enthaltung,0
20976,Nichts,Enthaltung,0
21526,Nichts,Enthaltung,0
18947,Nichts,Enthaltung,0
19159,Nichts,Enthaltung,0
32483,Nichts,Enthaltung,0
29121,Nichts,Enthaltung,0
5160,Nichts,Enthaltung,0
22614,Nichts,Enthaltung,0
10853,Nichts,Enthaltung,0
31297,Nichts,Enthaltung,0
29288,Nichts,Enthaltung,0
19692,Nichts,Enthaltung,0
31525,Nichts,Enthaltung,0
20138,Nichts,Enthaltung,0
29050,Nichts,Enthaltung,0
10753,Nichts,Enthaltung,0
30120,Nichts,Enthaltung,0
2880,?,Enthaltung,0
30954,Nichts,Enthaltung,0
29668,Nichts,Enthaltung,0
12143,Nichts,Enthaltung,0
30867,Nichts,Enthaltung,0
20412,Nichts,Enthaltung,0
21766,keine Angabe,Enthaltung,0
29938,Nichts,Enthaltung,0
10519,Nichts,Enthaltung,0
29912,Nichts,Enthaltung,0
21695,keine Angabe,Enthaltung,0
32052,Nichts,Enthaltung,0
30478,Nichts,Enthaltung,0
21959,einfach,Enthaltung,0
21061,Nichts,Enthaltung,0
29271,Nichts,Enthaltung,0
11043,Nichts,Enthaltung,0
4837,Nichts,Nichts,1
32986,Nichts,Nichts,1
30008,Nichts,Nichts,1
30074,Nichts,Nichts,1
3117,Habe sie schon mehrfach weiterempfohlen,Nichts,1
31873,Nichts,Nichts,1
31475,Nichts,Nichts,1
20266,Nichts,Nichts,1
18995,Nichts,Nichts,1
30436,Nichts,Nichts,1
22102,Nichts,Nichts,1
30056,Nichts,Nichts,1
3112,Nichts,Nichts,1
31120,Nichts,Nichts,1
22103,Nichts,Nichts,1
21012,Nichts,Nichts,1
31084,Nichts,Nichts,1
22391,Nichts,Nichts,1
32553,Nichts,Nichts,1
5400,Nichts,Nichts,1
30722,Nichts,Nichts,1
32564,Nichts,Nichts,1
29507,Nichts,Nichts,1
19704,Nichts,Nichts,1
31241,Nichts,Nichts,1
19424,Nichts,Nichts,1
10868,Nichts,Nichts,1
3067,Nichts,Nichts,1
29905,Nichts,Nichts,1
31197,Nichts,Nichts,1
30578,Nichts,Nichts,1
29164,Nichts,Nichts,1
11139,Nichts,Nichts,1
19023,Nichts,Nichts,1
30760,Nichts,Nichts,1
22154,Nichts,Nichts,1
29972,Nichts,Nichts,1
31212,Nichts,Nichts,1
20395,Nichts,Nichts,1
32862,Nichts,Nichts,1
20494,Nichts,Nichts,1
32023,Nichts,Nichts,1
11444,Nichts,Nichts,1
6029,Nichts,Nichts,1
31714,Nichts,Nichts,1
5724,Nichts,Nichts,1
18964,Nichts,Nichts,1
20622,Nichts,Nichts,1
3080,Nichts,Nichts,1
29307,Nichts,Nichts,1
20471,Nichts,Nichts,1
19493,Nichts,Nichts,1
21226,Nichts,Nichts,1
11992,Nichts,Nichts,1
32554,Nichts,Nichts,1
6016,Nichts,Nichts,1
30880,Nichts,Nichts,1
32485,Nichts,Nichts,1
21375,Nichts,Nichts,1
18975,Nichts,Nichts,1
21193,Nichts,Nichts,1
31763,Nichts,Nichts,1
11039,Nichts,Nichts,1
31065,Nichts,Nichts,1
32645,Nichts,Nichts,1
2812,Nichts,Nichts,1
32991,Nichts,Nichts,1
20338,Nichts,Nichts,1
21818,Nichts,Nichts,1
21125,Nichts,Nichts,1
32004,Nichts,Nichts,1
29582,Nichts,Nichts,1
2956,Nichts,Nichts,1
29284,Nichts,Nichts,1
29782,Nichts,Nichts,1
20507,Nichts,Nichts,1
22229,Nichts,Nichts,1
29482,Nichts,Nichts,1
32961,Nichts,Nichts,1
22400,Nichts,Nichts,1
19968,Nichts,Nichts,1
31130,Nichts,Nichts,1
30425,Nichts,Nichts,1
33237,Nichts,Nichts,1
11020,Nichts,Nichts,1
31849,Nichts,Nichts,1
21890,Nichts,Nichts,1
5569,Nichts,Nichts,1
32400,Nichts,Nichts,1
30122,Nichts,Nichts,1
30754,Nichts,Nichts,1
20602,Nichts,Nichts,1
10809,Nichts,Nichts,1
31802,Nichts,Nichts,1
29074,Nichts,Nichts,1
5699,Nichts,Nichts,1
19805,Nichts,Nichts,1
19945,Nichts,Nichts,1
30217,Nichts,Nichts,1
5025,Nichts,Nichts,1
32202,Nichts,Nichts,1
22017,Nichts,Nichts,1
5757,Nichts,Nichts,1
32229,Nichts,Nichts,1
19983,Nichts,Nichts,1
5868,Nichts,Nichts,1
20563,Nichts,Nichts,1
31604,Nichts,Nichts,1
20734,Nichts,Nichts,1
31985,Nichts,Nichts,1
19140,Nichts,Nichts,1
5880,Nichts,Nichts,1
22124,Nichts,Nichts,1
29368,Nichts,Nichts,1
11407,Nichts,Nichts,1
4996,Nichts,Nichts,1
31872,Nichts,Nichts,1
29230,Nichts,Nichts,1
20860,Nichts,Nichts,1
20481,Nichts,Nichts,1
32425,Nichts,Nichts,1
11288,Nichts,Nichts,1
33287,Nichts,Nichts,1
19884,Nichts,Nichts,1
20927,Nichts,Nichts,1
19328,Nichts,Nichts,1
21537,Nichts,Nichts,1
30737,Nichts,Nichts,1
4852,Nichts,Nichts,1
19758,Nichts,Nichts,1
30773,Um Zuschüsse zu bekommen und diese Hilfe zu nutzen,Nichts,1
19349,Nichts,Nichts,1
32039,keine Gründe,Nichts,1
20812,Nichts,Nichts,1
22012,Nichts,Nichts,1
20843,Nichts,Nichts,1
20447,Nichts,Nichts,1
5891,Nichts,Nichts,1
19654,Nichts,Nichts,1
32397,Alles spricht dafür!,Nichts,1
29934,Nichts,Nichts,1
30220,Nichts,Nichts,1
32846,Nichts,Nichts,1
20854,Nichts,Nichts,1
19376,Nichts,Nichts,1
21749,Nichts,Nichts,1
21041,Nichts,Nichts,1
19357,Nichts,Nichts,1
31236,Nichts,Nichts,1
4975,Nichts,Nichts,1
31122,Nichts,Nichts,1
3028,Nichts,Nichts,1
10761,Nichts,Nichts,1
5289,Nichts,Nichts,1
20155,Nichts,Nichts,1
21438,Nichts,Nichts,1
30245,Nichts,Nichts,1
11991,Nichts,Nichts,1
30244,Nichts,Nichts,1
20579,Nichts,Nichts,1
32807,Nichts,Nichts,1
4909,Nichts,Nichts,1
31670,Nichts,Nichts,1
20720,Nichts,Nichts,1
10797,Nichts,Nichts,1
5785,Nichts,Nichts,1
33120,Nichts,Nichts,1
32979,Nichts,Nichts,1
20781,Nichts,Nichts,1
20856,Nichts,Nichts,1
5278,Nichts,Nichts,1
20315,Nichts,Nichts,1
32536,Momentan finde ich keine minus Punkte,Nichts,1
20382,Nichts,Nichts,1
22131,Nichts,Nichts,1
11309,Nichts,Nichts,1
20237,Nichts,Nichts,1
29290,Nichts,Nichts,1
30663,Nichts,Nichts,1
29222,Nichts,Nichts,1
5559,Nichts,Nichts,1
32272,Nichts,Nichts,1
30190,Nichts,Nichts,1
11102,Einfach zu beantragen,Nichts,1
31923,Nichts,Nichts,1
19693,Nichts,Nichts,1
20197,Nichts,Nichts,1
30616,Nichts,Nichts,1
29910,Nichts,Nichts,1
19400,Nichts,Nichts,1
29191,Nichts,Nichts,1
10752,Nichts,Nichts,1
5087,Nichts,Nichts,1
30369,Nichts,Nichts,1
5298,Nichts,Nichts,1
5472,Nichts,Nichts,1
29055,Nichts,Nichts,1
21376,Nichts,Nichts,1
29298,Die Zufriedenheit,Nichts,1
30233,Nichts,Nichts,1
6007,Nichts,Nichts,1
31986,Nichts,Nichts,1
31681,Nichts,Nichts,1
31462,Nichts,Nichts,1
21001,Nichts,Nichts,1
19201,Nichts,Nichts,1
5395,Nichts,Nichts,1
21116,Nichts,Nichts,1
20724,Nichts,Nichts,1
10508,Nichts,Nichts,1
5713,Nichts,Nichts,1
4802,Nichts,Nichts,1
29028,Nichts,Nichts,1
20224,Nichts,Nichts,1
30030,Nichts,Nichts,1
19875,Nichts,Nichts,1
22434,Nichts,Nichts,1
32382,Nichts,Nichts,1
32494,Nichts,Nichts,1
19795,Nichts,Nichts,1
5867,Nichts,Nichts,1
30743,Nichts,Nichts,1
30180,Nichts,Nichts,1
29139,Nichts,Nichts,1
10897,Nichts,Nichts,1
30163,Nichts,Nichts,1
21925,Nichts,Nichts,1
21213,Nichts,Nichts,1
22354,Nichts,Nichts,1
22563,Nichts,Nichts,1
31039,Nichts,Nichts,1
5203,Nichts,Nichts,1
20147,Nichts,Nichts,1
12052,Nichts,Nichts,1
32363,Nichts,Nichts,1
22438,Nichts,Nichts,1
5054,Nichts,Nichts,1
31455,Nichts,Nichts,1
30698,Nichts,Nichts,1
22259,Nichts,Nichts,1
29651,Nichts,Nichts,1
32462,Nichts,Nichts,1
31398,michts,Nichts,1
22155,Nichts,Nichts,1
19249,Nichts,Nichts,1
19776,Nichts,Nichts,1
32650,Nichts,Nichts,1
21470,Nichts,Nichts,1
20226,Nichts,Nichts,1
29887,Nichts,Nichts,1
2750,Kein Interesse bei den Kollegen,kein / unbekannter Bedarf (bei Bekannten / Gesprächspartnern),2
2760,Nichts,Unklare Entscheidungsverfahren,3
2769,Nichts,Lange Bearbeitungsdauer,4
2785,Nichts,Sonstiges,5
2811,Nichts,Sonstiges,5
2819,Nichts,Unklare Entscheidungsverfahren,3
2825,Nichts,Höhe des Zuschusses nicht ausreichend,6
2839,Nichts,unflexible Bedingungen,7
2876,zu bürokratisch,Aufwändige Beantragung,8
2883,Nichts,unflexible Bedingungen,7
2898,Nichts,kein / unbekannter Bedarf (bei Bekannten / Gesprächspartnern),2
2906,Passende Förderprogramme teils schwer zu finden,Aufwändige Beantragung,8
2920,"Sehr wenig, die mangelnde Bekanntheit der Fördermöglichkeiten ist meist das größte Hindernis",kein / unbekannter Bedarf (bei Bekannten / Gesprächspartnern),2
2935,Die Trägheit des Verfahrens,Lange Bearbeitungsdauer,4
2974,Nichts,Höhe des Zuschusses nicht ausreichend,6
3018,einzige Quelle für öffentliche Förderung,Sonstiges,5
3023,Nichts,kein / unbekannter Bedarf (bei Bekannten / Gesprächspartnern),2
3040,Nichts,Sonstiges,5
3041,bei älteren Mitmenschen ist die Antragstellung schon etwas Aufwendig,Aufwändige Beantragung,8
3071,das mangelnde Interesse im Bekanntenkreis (an der KfW),kein / unbekannter Bedarf (bei Bekannten / Gesprächspartnern),2
3087,Nichts,Lange Bearbeitungsdauer,4
3088,Nichts,Aufwändige Beantragung,8
3090,Nichts,Sonstiges,5
3106,Nichts,Aufwändige Beantragung,8
4794,mangelnder Bedarf für das Förderprogramm,kein / unbekannter Bedarf (bei Bekannten / Gesprächspartnern),2
4807,Nichts,Kosten-/Nutzenverhältnis,9
4839,Nichts,unflexible Bedingungen,7
4861,Stabilität Zuschussportal,Erreichbarkeit des Angebots (Serverausfall),10
4871,Komplizierte Anträge und Nachweise in anderen Bereichen und niedrige Zinsen!,Aufwändige Beantragung,8
4895,Nichts,Lange Bearbeitungsdauer,4
4906,umständlich,Aufwändige Beantragung,8
4914,Nichts,Abhängigkeit von der Bank,11
4925,Nichts,Aufwändige Beantragung,8
4954,Nichts,Aufwändige Beantragung,8
4976,Nichts,unflexible Bedingungen,7
4977,Nutzbarkeit,Sonstiges,5
4978,* Frust bei elektronischer Antragsabgabe * zuviel Bürokratie bei manchen Anforderungen,Erreichbarkeit des Angebots (Serverausfall),10
4988,Auszahlung sollte auch für vorher installierte Wallbox gehen,unflexible Bedingungen,7
5004,Nichts,kein / unbekannter Bedarf (bei Bekannten / Gesprächspartnern),2
5011,zu kompliziert,Aufwändige Beantragung,8
5015,Dass es für bestimmte Dinge keine Förderung gibt,unflexible Bedingungen,7
5027,COMPUTER Technik ist erforderlich,Aufwändige Beantragung,8
5034,Zinssätze für KfW-Kredite (Immobilienfinanzierung) teilweise über normalem Darlehenszins,Zinsen,12
5042,Nichts,Lange Bearbeitungsdauer,4
5056,Nichts,Kosten-/Nutzenverhältnis,9
5070,der Formalismus in allen Schritten!,Aufwändige Beantragung,8
5084,Jede persönliche Situation ist anders,kein / unbekannter Bedarf (bei Bekannten / Gesprächspartnern),2
5092,Nichts,Aufwändige Beantragung,8
5099,Nichts,Erreichbarkeit des Angebots (Serverausfall),10
5111,Meine Bekannten haben keinen Bedarf,kein / unbekannter Bedarf (bei Bekannten / Gesprächspartnern),2
5112,"Die technischen Schwierigkeiten im Portal, daran wären Freundschaften zerbrochen!",Erreichbarkeit des Angebots (Serverausfall),10
5125,Nichts,Aufwändige Beantragung,8
5156,Ich bin unzufrieden mit den Förderbedingungen !,unflexible Bedingungen,7
5189,wenn man lieber bei der Bank vor Ort Kunde sein möchte,Sonstiges,5
5224,Zuschussidee und Finanzierungshilfe,Sonstiges,5
5249,Nichts,Aufwändige Beantragung,8
5281,Nichts,unflexible Bedingungen,7
5296,Flexibilität bei (Rück-)zahlung von Förderungen (Wohnbaukredite),unflexible Bedingungen,7
5311,Nichts,Zinsen,12
5316,Nichts,kein / unbekannter Bedarf (bei Bekannten / Gesprächspartnern),2
5317,Nichts,Erreichbarkeit des Angebots (Serverausfall),10
5322,Zu Komplexe Antragsverfahren bei Hausbau/Renovierung,Zinsen,12
5364,Nichts,Sonstiges,5
5378,"Manche Fördeprogramme sind zu bürokratisch, zu hoher Aufwand für wenig Nutzen",Aufwändige Beantragung,8
5381,Förderbedingungen sind mitunter nur schwer verständlich,Aufwändige Beantragung,8
5396,Die Schwierigkeiten in den ersten Tagen,Erreichbarkeit des Angebots (Serverausfall),10
5408,Ich bin generell mit Empfehlungen vorsichtig,Sonstiges,5
5476,überhöhte Anforderungen an den Zuschuss gebunden,Aufwändige Beantragung,8
5485,Nichts,Kosten-/Nutzenverhältnis,9
5487,Förderbedingungen und Auflagen sind hin und wieder zu viel des Guten,Aufwändige Beantragung,8
5490,es besteht kein Bedarf,kein / unbekannter Bedarf (bei Bekannten / Gesprächspartnern),2
5499,Einmal genutzt und keine registrierung möglich,Erreichbarkeit des Angebots (Serverausfall),10
5501,Nichts,Sonstiges,5
5517,Nichts,unflexible Bedingungen,7
5529,Nichts,Aufwändige Beantragung,8
5532,Teilweise unverständliche Prozese,Aufwändige Beantragung,8
5562,Die unzureichende Fehlertoleranz,Unklare Entscheidungsverfahren,3
5588,Komplexität einzelner Programme,Aufwändige Beantragung,8
5597,Fördergründe,Sonstiges,5
5600,Nichts,Aufwändige Beantragung,8
5606,Bessere Anbindung ans Internet,Erreichbarkeit des Angebots (Serverausfall),10
5613,Nichts,kein / unbekannter Bedarf (bei Bekannten / Gesprächspartnern),2
5637,Nichts,Aufwändige Beantragung,8
5641,"Antragsverfahren allgemein, keine Person als Ansprechpartner",Aufwändige Beantragung,8
5674,"Die Bearbeitung, Beantragung ist eine Zumutung für einen durchschnittlichen Bürger",Aufwändige Beantragung,8
5706,Nichts,Erreichbarkeit des Angebots (Serverausfall),10
5711,Nichts,Aufwändige Beantragung,8
5715,Nichts,kein / unbekannter Bedarf (bei Bekannten / Gesprächspartnern),2
5723,Nichts,Aufwändige Beantragung,8
5729,Steuerverschwendung,Sonstiges,5
5732,Komplizierte förderanfrage über einen PV Kredit,Aufwändige Beantragung,8
5735,Nichts,Sonstiges,5
5741,Nichts,Aufwändige Beantragung,8
5752,Bedienbarkeit,Aufwändige Beantragung,8
5764,Nichts,Aufwändige Beantragung,8
5769,Nichts,Aufwändige Beantragung,8
5778,Nichts,Aufwändige Beantragung,8
5781,Nichts,Sonstiges,5
5796,"Formalisierter Ablauf, Antrag vor Ausführung",Aufwändige Beantragung,8
5809,Nichts,Aufwändige Beantragung,8
5830,Evtl hätte ich gerne eine Ladestation mit mehr als 11KW installiert,unflexible Bedingungen,7
5878,Nichts,unflexible Bedingungen,7
5885,Teilweise komplizierte Verfahren,Aufwändige Beantragung,8
5908,Hohe Anforderungen an die Förderung und die Förderbedingungen,Aufwändige Beantragung,8
5922,Anlage muss mit Öko Strom betrieben werden,unflexible Bedingungen,7
5948,die Förderungmöglichkeiten,unflexible Bedingungen,7
5956,Onlineportal schwer zu erreichen,Erreichbarkeit des Angebots (Serverausfall),10
5975,Nichts,Abhängigkeit von der Bank,11
5987,DerAufwand,Aufwändige Beantragung,8
6009,Nichts,unflexible Bedingungen,7
6010,Nichts,Abhängigkeit von der Bank,11
6017,Nichts,Aufwändige Beantragung,8
6045,Nichts,Zinsen,12
10490,Zu kompliziert,Aufwändige Beantragung,8
10499,Das zu komplexe Antragssystem und Infopolitik,Aufwändige Beantragung,8
10532,Nichts,unflexible Bedingungen,7
10546,die unklare  Darstellung,Unklare Entscheidungsverfahren,3
10554,Nichts,Aufwändige Beantragung,8
10575,Aufwand - Nutzen könnte besser sein,Aufwändige Beantragung,8
10584,Nichts,Sonstiges,5
10609,Nichts,Aufwändige Beantragung,8
10626,Nichts,Kosten für Energieberater,13
10638,Nichts,Lange Bearbeitungsdauer,4
10654,Umständliches Antragsverfahren,Aufwändige Beantragung,8
10665,KfW macht ja keine Direktgeschäfte sondern wickelt über die (Haus)Bank ab,Abhängigkeit von der Bank,11
10666,Teilweise sind die Voraussetzungen sehr hoch,Zusätzliche Kosten bei Ausführung/ für Ingenieurleistungen,14
10668,Die Ablehnung unseres Vorhabens,Sonstiges,5
10670,Nichts,Aufwändige Beantragung,8
10671,Nichts,Kosten für Energieberater,13
10684,Nichts,Zinsen,12
10687,Nichts,Abhängigkeit von der Bank,11
10691,"Zu träger, anonymer und undurchschaubarer Apparat",Lange Bearbeitungsdauer,4
10696,Nichts,Höhe des Zuschusses nicht ausreichend,6
10730,Nichts,Abhängigkeit von der Bank,11
10744,Nichts,unflexible Bedingungen,7
10766,Nichts,Aufwändige Beantragung,8
10794,Nichts,Sonstiges,5
10837,Nichts,Unklare Entscheidungsverfahren,3
10840,Wartezeiten,Lange Bearbeitungsdauer,4
10855,Nichts,Sonstiges,5
10863,Falls andere Banken günstigere Konditionen bieten,Zinsen,12
10875,Nichts,unflexible Bedingungen,7
10888,Nichts,Sonstiges,5
10913,Nichts,unflexible Bedingungen,7
10932,Wir hätte gerne das geld zurück,Sonstiges,5
10953,Nichts,Aufwändige Beantragung,8
10967,Das keine Anlaufstelle gibt,Sonstiges,5
10974,Nichts,unflexible Bedingungen,7
10989,Umständlich,Aufwändige Beantragung,8
11010,Nichts,Zusätzliche Kosten bei Ausführung/ für Ingenieurleistungen,14
11021,Nichts,Sonstiges,5
11047,Nichts,Unklare Entscheidungsverfahren,3
11055,Nichts,Aufwändige Beantragung,8
11057,Komplexität,Aufwändige Beantragung,8
11073,Nichts,Sonstiges,5
11076,Nichts,Sonstiges,5
11078,Nichts,Abhängigkeit von der Bank,11
11087,Die Energieberatung kann bei kleineren Vorhaben den Zuschuss erheblich reduzieren!,Kosten für Energieberater,13
11101,Nichts,Zinsen,12
11104,Nichts,Aufwändige Beantragung,8
11114,Nichts,Sonstiges,5
11137,Nichts,Aufwändige Beantragung,8
11140,Nichts,Aufwändige Beantragung,8
11167,Nichts,Aufwändige Beantragung,8
11171,Missgunst,Sonstiges,5
11179,Nichts,Aufwändige Beantragung,8
11210,"Umständlich, Umfangreich",Aufwändige Beantragung,8
11232,Nichts,Aufwändige Beantragung,8
11248,Nichts,Höhe des Zuschusses nicht ausreichend,6
11255,Nichts,Aufwändige Beantragung,8
11256,Nichts,Kosten für Energieberater,13
11259,Nichts,Zusätzliche Kosten bei Ausführung/ für Ingenieurleistungen,14
11285,Nichts,unflexible Bedingungen,7
11286,Nichts,Kosten-/Nutzenverhältnis,9
11293,Nichts,Zusätzliche Kosten bei Ausführung/ für Ingenieurleistungen,14
11294,Nichts,Kosten für Energieberater,13
11295,Abhängigkeit von einem Sachverständigen,Sonstiges,5
11296,Nichts,Zinsen,12
11329,Nichts,Aufwändige Beantragung,8
11335,Nichts,Sonstiges,5
11346,Das erst ein energieberater beauftragt werden muss hat mich anfänglich abgeschreckt,Kosten für Energieberater,13
11348,Nichts,unflexible Bedingungen,7
11351,Umständlichkeit zu viele Vorschrifdten,Aufwändige Beantragung,8
11365,Nichts,Sonstiges,5
11366,Nichts,Zinsen,12
11377,Nichts,Zusätzliche Kosten bei Ausführung/ für Ingenieurleistungen,14
11405,Nichts,Zinsen,12
11412,Nichts,Unklare Entscheidungsverfahren,3
11419,Nichts,Aufwändige Beantragung,8
11450,aufwendig,Aufwändige Beantragung,8
11466,Widersprüchliche Aussagen der Energieberater,Unklare Entscheidungsverfahren,3
11959,Die Dauer der Zinsbindung,Zinsen,12
11969,Längere Bearbeitungsdauer,Lange Bearbeitungsdauer,4
11970,Nur 10 Jahre Zinsbindung,Zinsen,12
11972,"Aktuell sind die Konditionen gut, kann sich aber wieder ändern, dann ist KfW unattraktiv fehlende Möglichkeiten der Sonderzahlung",Sondertilgungen nicht möglich,15
11996,Zusammenarbeit mit und Empfehlung durch Geschäftsbanken verbesserungswürdig,Abhängigkeit von der Bank,11
11997,Nichts,Zinsen,12
12002,Nichts,Unklare Entscheidungsverfahren,3
12003,Manche Produkte sind günstiger bzw flexibler,Zinsen,12
12005,Nichts,Aufwändige Beantragung,8
12013,"Nur sinnvoll wenn man viel finanziellen und zeitlichen Puffer hat, was nach einem Hauskauf selten der Fall ist",Aufwändige Beantragung,8
12020,Nichts,unflexible Bedingungen,7
12028,Nichts,Aufwändige Beantragung,8
12032,Nichts,Abhängigkeit von der Bank,11
12034,Nichts,Abhängigkeit von der Bank,11
12035,Etwas kompliziert ohne Energieberater zu verstehen,Aufwändige Beantragung,8
12043,Nichts,Zusätzliche Kosten bei Ausführung/ für Ingenieurleistungen,14
12047,Nichts,Aufwändige Beantragung,8
12050,Nichts,Kosten für Energieberater,13
12064,Nichts,Kosten für Energieberater,13
12071,Nichts,unflexible Bedingungen,7
12072,Zu viel Eigenkapital,Sonstiges,5
12074,Nichts,unflexible Bedingungen,7
12075,Nichts,Aufwändige Beantragung,8
12077,Nichts,Aufwändige Beantragung,8
12078,Nichts,Sondertilgungen nicht möglich,15
12081,Nichts,Sonstiges,5
12088,Nichts,Aufwändige Beantragung,8
12093,Nichts,Aufwändige Beantragung,8
12094,Nichts,Lange Bearbeitungsdauer,4
12096,Nichts,Zinsen,12
12106,Komplexe Bedingungen für den Bau,Aufwändige Beantragung,8
12121,Nichts,Zinsen,12
12125,Nichts,Zinsen,12
12130,Nichts,Aufwändige Beantragung,8
12138,Die zum Teil absurden Forderungen wie zum Beispiel seitliche Bedienung des Wc,Zusätzliche Kosten bei Ausführung/ für Ingenieurleistungen,14
12141,"Die Beantragung eines Kredits bedarf einer Unmenge von Formalien, die dem Kreditvermittler eine Unmenge von Arbeit machen - wie schon vorher erwähnt, ein bürokratisches Monster, egal um welche Kredithöhe es sich handelt - muß das so sein?",Aufwändige Beantragung,8
18857,Zu wenig Wissen meinerseits,Sonstiges,5
18885,Die Bearbeitungszeiten!!,Lange Bearbeitungsdauer,4
18889,Nichts,Aufwändige Beantragung,8
18890,Nichts,Lange Bearbeitungsdauer,4
18892,recht hoher aufwand,Aufwändige Beantragung,8
18896,Nichts,Zinsen,12
18902,Nichts,Lange Bearbeitungsdauer,4
18905,Nichts,Sonstiges,5
18906,Weniger Flexibilität,unflexible Bedingungen,7
18908,Nichts,Abhängigkeit von der Bank,11
18928,Nichts,Sondertilgungen nicht möglich,15
18930,Nichts,Zinsen,12
18932,Nichts,Abhängigkeit von der Bank,11
18958,Nichts,Kosten-/Nutzenverhältnis,9
18968,Nichts,Abhängigkeit von der Bank,11
18983,Nichts,Aufwändige Beantragung,8
18988,Zu langsame Bearbeitung,Lange Bearbeitungsdauer,4
19002,Nichts,Kosten-/Nutzenverhältnis,9
19014,Nichts,Lange Bearbeitungsdauer,4
19025,Nichts,Zusätzliche Kosten bei Ausführung/ für Ingenieurleistungen,14
19034,Derzeitige Zinslage,Zinsen,12
19036,Nichts,Aufwändige Beantragung,8
19049,Nichts,Kosten-/Nutzenverhältnis,9
19051,komplizierte Bedingungen,Aufwändige Beantragung,8
19052,Nichts,Aufwändige Beantragung,8
19062,Nichts,Zinsen,12
19065,Nichts,Zinsen,12
19067,Nichts,Aufwändige Beantragung,8
19077,Nichts,Aufwändige Beantragung,8
19088,"Keine Freunde, die bauen",Sonstiges,5
19094,Kredit Bedingungen halte ich für unflexibel,unflexible Bedingungen,7
19104,Momentan zu dem aktuellen Produkt 153 keine Sondertilgungsmoglichkeiten,Sondertilgungen nicht möglich,15
19109,Höchstens die hohe Tilgung,unflexible Bedingungen,7
19110,das richtige (bestgeeignete) Programm für die jeweilige Konstellation zu finden,Aufwändige Beantragung,8
19117,Nichts,Zinsen,12
19122,Konditionen,Zinsen,12
19123,Nichts,Zinsen,12
19134,Nichts,Aufwändige Beantragung,8
19136,Nichts,unflexible Bedingungen,7
19147,Nichts,Aufwändige Beantragung,8
19148,Nichts,Zinsen,12
19149,"Der Umweg für die Hausbank, von der ich annehme, dass sie bevorzugt eigene Produkte anbieten möchte, bei der sie höhere Gewinnmargen erzielen könnte",Abhängigkeit von der Bank,11
19153,mangelnde Flexibilität,unflexible Bedingungen,7
19160,Nichts,Aufwändige Beantragung,8
19162,Nichts,Aufwändige Beantragung,8
19167,Nichts,Aufwändige Beantragung,8
19171,Umständlich,Aufwändige Beantragung,8
19173,Intransparenz bezüglich der in Frage kommenden Produkte,Unklare Entscheidungsverfahren,3
19181,Bürokratie,Aufwändige Beantragung,8
19199,kenne im Moment niemanden der umbaut oder saniert,Sonstiges,5
19206,Nichts,Sonstiges,5
19238,Nichts,Aufwändige Beantragung,8
19260,Der Vorgang meiner Bearbeitung,Sonstiges,5
19261,"Je nach Projekt, entsteht sehr viel Aufwand im Umgang mit der KFW und die Förderung ist zu gering!",Kosten-/Nutzenverhältnis,9
19266,Auflagen zur Ausführung,Aufwändige Beantragung,8
19267,Nichts,Aufwändige Beantragung,8
19272,Nichts,Abhängigkeit von der Bank,11
19302,Umständliche Abwicklung,Aufwändige Beantragung,8
19333,Nichts,Kosten für Energieberater,13
19360,Keine Reaktion der KFW auf meinen ANtrag,Lange Bearbeitungsdauer,4
19393,Nichts,Unklare Entscheidungsverfahren,3
19407,Nichts,Sonstiges,5
19435,Die Konditionen der KfW sind (zumindest bei mir) schlechter als bei meinem Finanzierer,Zinsen,12
19444,Nichts,Sonstiges,5
19461,"Prozess der Antragstellung etwas kompliziert, Zuschuss könnte höher sein - ist aber trotzdem empfehlenswert!",Aufwändige Beantragung,8
19529,Das vielleicht Das Geld mehr werden,Höhe des Zuschusses nicht ausreichend,6
19534,Nichts,Sonstiges,5
19544,Alles,Sonstiges,5
19548,"Die Probleme, die ich selber hatte beim Nachreichen",Aufwändige Beantragung,8
19569,Nichts,Aufwändige Beantragung,8
19579,Aktuell niemand im Bekanntenkreis der Bedarf hätte,Sonstiges,5
19595,Nichts,unflexible Bedingungen,7
19597,Nichts,Aufwändige Beantragung,8
19599,Seriosität!,Sonstiges,5
19619,"Wie schon erwähnt, recht bürokratisch, weniger praktisch",Aufwändige Beantragung,8
19638,Zinsen der Banken sind teilweise besser,Zinsen,12
19667,Unterlagen Hochladen,Aufwändige Beantragung,8
19672,"Mir war die kfw wenig bekannt, deshalb wurde ich durch einen Berater aufmerksam, es hängt viel an einem Berater",Sonstiges,5
19676,Das ist zu kompliziert ist keine gute Beratung und keine cerständniz,Aufwändige Beantragung,8
19701,Nichts,Zinsen,12
19705,Nichts,Kosten für Energieberater,13
19707,Nichts,Lange Bearbeitungsdauer,4
19714,Nichts,Sonstiges,5
19730,Nichts,Höhe des Zuschusses nicht ausreichend,6
19737,Nichts,Zinsen,12
19741,"hohe Auflagen, passende Energieberater zu finden schwierig und zeitaufwendig",Aufwändige Beantragung,8
19760,Nichts,Zinsen,12
19761,Nichts,Sonstiges,5
19809,Nichts,Aufwändige Beantragung,8
19824,Nichts,Kosten-/Nutzenverhältnis,9
19869,"Die Energieberaterin (wir haben das Gefühl, dass sie durch unnötige Anrufe Geld machen will)",Kosten für Energieberater,13
19879,kompliziert,Aufwändige Beantragung,8
19889,Situationsabhängig,Sonstiges,5
19890,Nichts,unflexible Bedingungen,7
19905,Nichts,Abhängigkeit von der Bank,11
19933,Nichts,Aufwändige Beantragung,8
19964,Nichts,Kosten-/Nutzenverhältnis,9
19976,Niemand der aktuell ein Massnahme plant,Sonstiges,5
19979,Nichts,unflexible Bedingungen,7
20037,Das viele Kleingedruckte schreckt ab man muss schon sehr intensiv alle Angaben studieren Aufwand lohnt nur bei hohen Sanierungskosten,Aufwändige Beantragung,8
20078,Nichts,Höhe des Zuschusses nicht ausreichend,6
20100,Teilweise der Zinssatz,Zinsen,12
20102,fehlendes Know-how Hürden,Aufwändige Beantragung,8
20133,Nichts,Sonstiges,5
20141,Nichts,Abhängigkeit von der Bank,11
20142,Zu langes warten auf eine Antwort,Lange Bearbeitungsdauer,4
20148,Wie gesagt: ältere Leute und Internet,Aufwändige Beantragung,8
20151,Nichts,Aufwändige Beantragung,8
20170,die aktuell günstigen Zinsen der Banken,Zinsen,12
20220,Umständlicher Prozess zu geringe Förderung Einbinden von externen Experten,Aufwändige Beantragung,8
20245,Die Einstellung meiner Freunde zu Krediten,Sonstiges,5
20252,alles,Sonstiges,5
20253,Nichts,Aufwändige Beantragung,8
20263,Nichts,Sonstiges,5
20298,Nichts,Aufwändige Beantragung,8
20302,Nichts,unflexible Bedingungen,7
20309,Nichts,Aufwändige Beantragung,8
20324,Nichts,Sonstiges,5
20344,Nichts,Lange Bearbeitungsdauer,4
20396,Nichts,unflexible Bedingungen,7
20456,Nichts,Aufwändige Beantragung,8
20460,ALLES,Sonstiges,5
20470,"Komplizierte Antragsvoraussetzungen wie zB Bestätigungen Fachunternehmen, Energiebestätigung",Aufwändige Beantragung,8
20479,Bauzinsen zu hoch,Zinsen,12
20502,Der Zuschuss,Höhe des Zuschusses nicht ausreichend,6
20527,Schnelle Bearbeitung und Bestätigung des Antrages,Lange Bearbeitungsdauer,4
20542,Nichts,Sonstiges,5
20561,Nichts,Sonstiges,5
20645,Bedingungen für den Erhalt der Förderung,unflexible Bedingungen,7
20650,Nichts,Abhängigkeit von der Bank,11
20682,Nichts,Abhängigkeit von der Bank,11
20712,Nichts,unflexible Bedingungen,7
20730,Nichts,Aufwändige Beantragung,8
20737,Nichts,Aufwändige Beantragung,8
20778,Nichts,Sonstiges,5
20785,Nichts,Fördermittel (zu schnell) aufgebraucht,16
20832,Nichts,unflexible Bedingungen,7
20836,Nichts,Aufwändige Beantragung,8
20845,Dann sind die Foerdermittel zu schnell aufgebraucht,Fördermittel (zu schnell) aufgebraucht,16
20963,Die Antragsstellung,Aufwändige Beantragung,8
20966,Nichts,Höhe des Zuschusses nicht ausreichend,6
20973,Nichts,Aufwändige Beantragung,8
20988,Nichts,Aufwändige Beantragung,8
20994,Nichts,Aufwändige Beantragung,8
21087,Nichts,Sonstiges,5
21089,Der Zinssatz der KFW,Zinsen,12
21090,Nichts,Sonstiges,5
21097,Art des Bauvorhabens,Sonstiges,5
21100,Bearbeitungszeit,Lange Bearbeitungsdauer,4
21113,Nichts,Abhängigkeit von der Bank,11
21119,zu wenig geld,Höhe des Zuschusses nicht ausreichend,6
21123,Deutschkenntnisse erforderlich,Sonstiges,5
21153,Steuererklärungen,Aufwändige Beantragung,8
21158,Nichts,Aufwändige Beantragung,8
21168,Nichts,Zinsen,12
21171,Nichts,Lange Bearbeitungsdauer,4
21179,Die aktuelle Zinslage,Zinsen,12
21207,"Wenn ich immernoch nict weiss, ob es wirklich real ist, wie kann ich weiterempfehlen?",Sonstiges,5
21209,Nichts,unflexible Bedingungen,7
21212,Nichts,Sonstiges,5
21239,Nichts,Aufwändige Beantragung,8
21255,Sehr unzufrieden,Sonstiges,5
21266,Umständlichkeit,Aufwändige Beantragung,8
21280,ist etwas kompliziert,Aufwändige Beantragung,8
21299,Nichts,Kosten-/Nutzenverhältnis,9
21307,Nichts,Aufwändige Beantragung,8
21313,Mehr Schein als wirkliche Unterstützung,Sonstiges,5
21326,"Kleinliche, nervenaufreibende und umfangreiche Prüfung und Anforderung von zu vielen detaillierten Unterlagen",Aufwändige Beantragung,8
21329,Warte zeiten,Lange Bearbeitungsdauer,4
21356,Nichts,unflexible Bedingungen,7
21362,Zinssätze,Zinsen,12
21365,Sehr komplexes Konstrukt,Aufwändige Beantragung,8
21394,Nichts,Aufwändige Beantragung,8
21396,Unübersichtliche Produkte,Aufwändige Beantragung,8
21420,internet,Aufwändige Beantragung,8
21422,Langwierige Antragstellung für das Baukindergeld,Unklare Entscheidungsverfahren,3
21428,Nichts,unflexible Bedingungen,7
21435,Wenig Informationen,Sonstiges,5
21447,Nichts,Sonstiges,5
21458,"Unpersönlich, teilweise verwirrend",Aufwändige Beantragung,8
21463,Keine persönliche Beratung,Sonstiges,5
21471,Förderbedingungen effizient Bauen,Sonstiges,5
21488,Nichts,Sondertilgungen nicht möglich,15
21502,Nichts,Sonstiges,5
21504,Nichts,unflexible Bedingungen,7
21521,Zinsbindung nur 10 Jahre,Zinsen,12
21522,Die Vorfälligkeitszinsen sind enorm hoch!,unflexible Bedingungen,7
21531,Beratung über Bank,Abhängigkeit von der Bank,11
21538,je nach Projekt eventuell die Herstellung der Energieeffizienz,Kosten-/Nutzenverhältnis,9
21544,Nichts,unflexible Bedingungen,7
21546,Nichts,Zinsen,12
21551,keine Sondertilgungen möglich,Sondertilgungen nicht möglich,15
21552,"Komplexität, leider weiß keiner, was es alles gibt",Aufwändige Beantragung,8
21571,"kurze Zinsbindung, keine Sondertilgung",Zinsen,12
21572,"höherer Zins als Bankdarlehen, keine Sondertilgungsmöglichkeit",Zinsen,12
21578,"Zinsbindung maximal 10 Jahre, Aufwändiger Antragsprozess",Zinsen,12
21579,Zu kurze Zinsbindung,Zinsen,12
21581,Keine Sondertilgungen möglich,Sondertilgungen nicht möglich,15
21584,Nichts,Aufwändige Beantragung,8
21623,Nichts,Zinsen,12
21627,Nichts,Sonstiges,5
21628,kurze Zinsbindung,Zinsen,12
21629,fehlende Sondertilgunsmöglichkeiten,Sondertilgungen nicht möglich,15
21637,unübersichtliches Kreditangebot,Unklare Entscheidungsverfahren,3
21649,Fehlende Flexibilität in puncto variable Tilgung,unflexible Bedingungen,7
21657,Darlehenslaufzeit zu kurz (10 Jahre) wünschenswert 15 Jahre,Zinsen,12
21663,wenig Flexibilität der vorzeitigen Abzahlung,unflexible Bedingungen,7
21670,Hoher Zinssatz,Zinsen,12
21679,Nichts,Abhängigkeit von der Bank,11
21691,Bereitstellungsfreie Zeit (1 Jahr) für Bauvorhaben heutzutage zu kurz,Sonstiges,5
21694,Nichts,Zinsen,12
21699,etwas viel Bürokratie,Aufwändige Beantragung,8
21701,Nichts,Aufwändige Beantragung,8
21706,Nichts,Abhängigkeit von der Bank,11
21725,Nichts,Aufwändige Beantragung,8
21729,Nichts,Aufwändige Beantragung,8
21741,Nichts,unflexible Bedingungen,7
21770,1) Unklare Zusammenhänge & Abhängigkeiten mit Hausbanken,Unklare Entscheidungsverfahren,3
21773,Banken selektieren und gehen nur auf konkrete Nachfrage auf die KfW ein,Abhängigkeit von der Bank,11
21779,Nichts,Abhängigkeit von der Bank,11
21785,Nichts,unflexible Bedingungen,7
21786,Nichts,Zinsen,12
21791,Nichts,Aufwändige Beantragung,8
21805,notwendiges Know-how,Aufwändige Beantragung,8
21806,Vorgeschrieben was zu tun ist,Aufwändige Beantragung,8
21812,"Hohe Ansprüche, Inanspruchnahme der Berater, fehlende Kontaktpersonen, hohe Ansprüche an den Antragsteller als Person",Aufwändige Beantragung,8
21817,unsinnige [unterstrichen] Maßnahmen wie Zwangsbelüftung werden vorgeschrieben für höhere Förderbeträge (KfW 55),Kosten-/Nutzenverhältnis,9
21820,Nichts,Kosten-/Nutzenverhältnis,9
21823,Dass nur 1 Zusatztilgung gibt,unflexible Bedingungen,7
21825,zu wenige gute [doppelt unterstrichen] Energieberater in der Region!,Sonstiges,5
21833,Nichts,unflexible Bedingungen,7
21849,20 Jahre Vertrag (wegen Zinsbindung) Der noch relativ hohe Zins (im Verhältnis zu KM-Darlehen) [hier konnte ich einige Dinge nur raten],Zinsen,12
21851,teils unübersichtlich,Aufwändige Beantragung,8
21854,Nichts,Kosten-/Nutzenverhältnis,9
21855,Die zur Erreichung der KfW-Mittel notwendigen Arbeiten sind erheblich teurer als der ausgelobte Zuschuss!,Kosten-/Nutzenverhältnis,9
21857,"viele Hürden, was beachtet werden muss",Aufwändige Beantragung,8
21867,umfangreichere Antragsunterlagen ggü Marktdarlehensbeantragung derzeitige Zinskonditionen höher als derzeitige Marktdarlehen,Aufwändige Beantragung,8
21871,teure Antragskosten für Berater,Kosten-/Nutzenverhältnis,9
21872,Nichts,Aufwändige Beantragung,8
21876,Keine Sondertilgungsmöglichkeit,Sondertilgungen nicht möglich,15
21883,schlechter Zinssatz,Zinsen,12
21884,zu viel bürokratischer Aufwand für letztendlich zu wenig Leistung,Aufwändige Beantragung,8
21903,Nichts,Kosten-/Nutzenverhältnis,9
21909,Umfangreiche Bürokratie,Aufwändige Beantragung,8
21910,"Hohe Bürokratie, Zinsen zu hoch, Zuschuss zu klein",Aufwändige Beantragung,8
21911,"Dass man schon Fragebögen bekommt, bevor man überhaupt mit der Renovierung begonnen hat und eine Beratung seitens der KfW niemals stattfand",Sonstiges,5
21916,Nichts,Aufwändige Beantragung,8
21927,Nichts,Lange Bearbeitungsdauer,4
21945,Aufwand durch Energieberater,Kosten für Energieberater,13
21961,Bearbeitungsdauer,Lange Bearbeitungsdauer,4
21968,keine Sonderzahlungen bei Baufinanzierung,Sondertilgungen nicht möglich,15
21973,"hohe Anforderungen, die viel Geld kosten",Kosten-/Nutzenverhältnis,9
21983,Nichts,Aufwändige Beantragung,8
21986,Zinsbindung von nur 10 Jahren,Zinsen,12
21994,"Umfangreiche Unterlagen, Bürokratie",Aufwändige Beantragung,8
21997,Nichts,Kosten für Energieberater,13
22040,"Kompliziertes, unübersichtliche Angebot",Aufwändige Beantragung,8
22055,ich habe andere Gesprächsthemen,Sonstiges,5
22070,Komplexes Anmeldeverfahren,Aufwändige Beantragung,8
22073,Nichts,Zinsen,12
22083,Nichts,Abhängigkeit von der Bank,11
22107,Nichts,Sonstiges,5
22118,Nichts,Kosten-/Nutzenverhältnis,9
22119,Nichts,Zusätzliche Kosten bei Ausführung/ für Ingenieurleistungen,14
22132,Nichts,Abhängigkeit von der Bank,11
22168,Nichts,Kosten-/Nutzenverhältnis,9
22202,Lediglich die Mitwirkungsnotwendigkeit der Banken,Abhängigkeit von der Bank,11
22203,Nichts,Aufwändige Beantragung,8
22231,Es ist scheinbar sehr schwierig einen kompetenten Gesprächspartner telefonisch zu erreichen !,Aufwändige Beantragung,8
22242,Nichts,unflexible Bedingungen,7
22246,Nichts,unflexible Bedingungen,7
22248,Nichts,Aufwändige Beantragung,8
22276,Nichts,Sonstiges,5
22301,Zusatzkosten durch Energieberater,Kosten für Energieberater,13
22317,Nichts,Kosten für Energieberater,13
22325,Nichts,Aufwändige Beantragung,8
22326,Nichts,unflexible Bedingungen,7
22346,Nichts,Kosten für Energieberater,13
22351,Nichts,Aufwändige Beantragung,8
22360,Nichts,Zinsen,12
22363,Nichts,Kosten für Energieberater,13
22369,Nichts,unflexible Bedingungen,7
22380,Datensicherheit,Sonstiges,5
22381,Nichts,Unklare Entscheidungsverfahren,3
22393,Nichts,Aufwändige Beantragung,8
22408,Nichts,Kosten für Energieberater,13
22422,Nichts,Abhängigkeit von der Bank,11
22425,Nichts,Aufwändige Beantragung,8
22427,Nichts,Lange Bearbeitungsdauer,4
22447,Nichts,Sonstiges,5
22448,Würde immer die Hausbank bevorzugen als Vermittler,Sonstiges,5
22450,"Kostennutzenfaktor, Kredite gut konditioniert, Ansprüche sorgen aber für überproportionalen Kapitaleinsatz",Kosten-/Nutzenverhältnis,9
22472,Abhängigkeit des Prozesses von der Qualität des Bearbeiters bei der Hausbank,Abhängigkeit von der Bank,11
22493,Nichts,Sonstiges,5
22494,unflexibel,unflexible Bedingungen,7
22518,Sondertilgung,Sondertilgungen nicht möglich,15
22529,keine Sondertilgungsmöglichkeiten,Sondertilgungen nicht möglich,15
22538,Nichts,Aufwändige Beantragung,8
22591,keine Sondertilgung möglich,Sondertilgungen nicht möglich,15
22594,Es gibt keine richtige Sicherheit bei der Zinsbindung,Zinsen,12
22596,Nur für bestimmte möglich,unflexible Bedingungen,7
22604,Zinssatz,Zinsen,12
22607,unflexibel in der Höhe der Tilgung und Laufzeit (meiner Meinung nach sind 10 Jahre zu kurz),unflexible Bedingungen,7
22627,Hohe Tilgungsraten,Zinsen,12
22646,"Die Zinsbindung, die nur NUR auf 10 Jahre möglich ist",Zinsen,12
22652,Nichts,Sondertilgungen nicht möglich,15
22653,viele Nachweise für Darlehensabruf zu erbringen,Sonstiges,5
22662,keine Sondertilgung,Sondertilgungen nicht möglich,15
22666,"etwas undurchsichtig, nur 10 Jahre Zinsbindung",Zinsen,12
29081,Nichts,Aufwändige Beantragung,8
29097,Nichts,unflexible Bedingungen,7
29127,Nichts,Abhängigkeit von der Bank,11
29148,Zu kompliziert,Aufwändige Beantragung,8
29165,Zuschuß,Höhe des Zuschusses nicht ausreichend,6
29214,Nichts,Sonstiges,5
29224,Für ältere Leute ist es schwieriger,Aufwändige Beantragung,8
29237,Nichts,kein / unbekannter Bedarf (bei Bekannten / Gesprächspartnern),2
29240,Nichts,Aufwändige Beantragung,8
29246,Nichts,Aufwändige Beantragung,8
29259,Nichts,Erreichbarkeit des Angebots (Serverausfall),10
29278,Nichts,Sonstiges,5
29293,zu langsame Bearbeitung!,Lange Bearbeitungsdauer,4
29319,Strikte Vorgaben (Bedingungen) zur Erlangung eines Zuschusses,unflexible Bedingungen,7
29324,Der große Aufwand bei Wegs für kleine Summen,Aufwändige Beantragung,8
29355,Nichts,Aufwändige Beantragung,8
29358,Nichts,Aufwändige Beantragung,8
29374,Nichts,Aufwändige Beantragung,8
29395,Nichts,Sonstiges,5
29448,Nichts,Unklare Entscheidungsverfahren,3
29449,Nichts,Kosten-/Nutzenverhältnis,9
29458,Das Hochladesystem für Dokumente,Aufwändige Beantragung,8
29464,Nichts,Aufwändige Beantragung,8
29465,Nichts,kein / unbekannter Bedarf (bei Bekannten / Gesprächspartnern),2
29470,Nichts,Sonstiges,5
29491,Nichts,unflexible Bedingungen,7
29499,Nichts,Aufwändige Beantragung,8
29505,Überfordertes Personal und schleppende Bearbeitung,Lange Bearbeitungsdauer,4
29529,Nichts,Lange Bearbeitungsdauer,4
29531,Nichts,Aufwändige Beantragung,8
29554,die Bearbeitungszeit,Lange Bearbeitungsdauer,4
29556,Nichts,Aufwändige Beantragung,8
29557,Die Konditionen,Zinsen,12
29577,Nichts,Aufwändige Beantragung,8
29578,Keine Sondertilgung möglich,Sondertilgungen nicht möglich,15
29579,Nichts,Sonstiges,5
29580,"Die Schwierigkeit, einen Energieberater zu finden",Aufwändige Beantragung,8
29584,"zusatzkosten durch Hilfe, hoher Aufwand, unübersichtlich,",Zusätzliche Kosten bei Ausführung/ für Ingenieurleistungen,14
29596,Nichts,Fördermittel (zu schnell) aufgebraucht,16
29597,Nichts,Aufwändige Beantragung,8
29600,Förderbedingungen,unflexible Bedingungen,7
29601,Nichts,Kosten für Energieberater,13
29606,Nichts,unflexible Bedingungen,7
29610,Nichts,kein / unbekannter Bedarf (bei Bekannten / Gesprächspartnern),2
29611,Aufwand und Vorschriften,Aufwändige Beantragung,8
29621,Nichts,Aufwändige Beantragung,8
29627,"Zins, wenn es keinen Tilgungszuschuss gibt",Zinsen,12
29632,"Zins uninteressant, Kostenaufwand für Gebäude in Zusammenschaum mit der Förderung viel zu hoch",Zinsen,12
29634,Nichts,Zinsen,12
29637,Nichts,Aufwändige Beantragung,8
29646,Nichts,Aufwändige Beantragung,8
29648,Umfangreiches Antragsverfahren und Laufzeiten,Aufwändige Beantragung,8
29653,"Keine Sonderzahlungen möglich, Tilgungsrate über gesamte Laufzeit gebunden",Sondertilgungen nicht möglich,15
29655,Nichts,unflexible Bedingungen,7
29659,Nichts,Abhängigkeit von der Bank,11
29663,keine Sondertilgung möglich,Sondertilgungen nicht möglich,15
29665,Nichts,Abhängigkeit von der Bank,11
29669,Nichts,Kosten-/Nutzenverhältnis,9
29670,Höhe der Zinsen da meistens Hausbank günstiger,Zinsen,12
29674,Nichts,Zinsen,12
29680,Nichts,Abhängigkeit von der Bank,11
29685,Sondertilgungsrechte,Sondertilgungen nicht möglich,15
29690,Nichts,unflexible Bedingungen,7
29696,Der langwierige und komplizierte Prozess über die Hausbank,Abhängigkeit von der Bank,11
29707,Nichts,unflexible Bedingungen,7
29725,zunächst höhere Investitionskosten bevor der Tilgungszuschuss ausgezahlt wird,Zusätzliche Kosten bei Ausführung/ für Ingenieurleistungen,14
29726,Nichts,Sonstiges,5
29741,Nichts,Kosten-/Nutzenverhältnis,9
29744,Nichts,Aufwändige Beantragung,8
29746,Nichts,Kosten-/Nutzenverhältnis,9
29755,Nichts,unflexible Bedingungen,7
29763,Nichts,Kosten-/Nutzenverhältnis,9
29764,Teilweise schwierige Umsetzung der Bauvorschriften,unflexible Bedingungen,7
29766,Wenig Transparenz bei Ablehnubg von Anträgen,Unklare Entscheidungsverfahren,3
29777,Nichts,Aufwändige Beantragung,8
29781,Nichts,Abhängigkeit von der Bank,11
29785,Nichts,Abhängigkeit von der Bank,11
29791,Nichts,Kosten-/Nutzenverhältnis,9
29793,Nichts,Aufwändige Beantragung,8
29798,Nichts,Sonstiges,5
29799,"Bei Denkmal sind viele Dinge zu beachten, oft schwer zu erkennen was zutrifft",unflexible Bedingungen,7
29806,Viele Punkte müssen zu aufwendig gestaltet werden,Kosten-/Nutzenverhältnis,9
29811,Bearbeitungszeiten bei Einzelmaßnahmen unmöglich,Lange Bearbeitungsdauer,4
29827,Nichts,Kosten-/Nutzenverhältnis,9
29837,Nichts,unflexible Bedingungen,7
29847,Nichts,Aufwändige Beantragung,8
29856,Nichts,Lange Bearbeitungsdauer,4
29858,Nichts,unflexible Bedingungen,7
29864,Nichts,Zinsen,12
29865,Nichts,Lange Bearbeitungsdauer,4
29867,Nichts,unflexible Bedingungen,7
29872,Nichts,Lange Bearbeitungsdauer,4
29875,Nichts,Abhängigkeit von der Bank,11
29877,"allgemein ewig lange Wartezeit bis die Zusage kommt, ewig lange Wartezeit bis das GHeld endlich mal auf dem Konto ist",Lange Bearbeitungsdauer,4
29895,Nichts,Aufwändige Beantragung,8
29900,den schwierigen Hausbanken - Prozess,Abhängigkeit von der Bank,11
29911,Nichts,unflexible Bedingungen,7
29921,Nichts,unflexible Bedingungen,7
29939,Kredithöhe,unflexible Bedingungen,7
29940,Nichts,Zinsen,12
29950,Nichts,unflexible Bedingungen,7
29954,Bindung an die Hausbank,Abhängigkeit von der Bank,11
29961,Das Hausbankprinzip,Abhängigkeit von der Bank,11
29964,Nichts,kein / unbekannter Bedarf (bei Bekannten / Gesprächspartnern),2
29969,Zinssatz zu hoch,Zinsen,12
29976,"Ich glaube ich habe genug geschrieben und ansonsten Empfehle ich persönlich niemanden etwas, jedem das Seine",kein / unbekannter Bedarf (bei Bekannten / Gesprächspartnern),2
29978,Man muss stets mit der Hausbank zusammen arbeiten,Abhängigkeit von der Bank,11
29980,Nichts,kein / unbekannter Bedarf (bei Bekannten / Gesprächspartnern),2
29983,Nichts,Sonstiges,5
29997,aufwendige Kredit-Bedingungen,unflexible Bedingungen,7
30009,Nichts,Aufwändige Beantragung,8
30015,Die Bedingungen,unflexible Bedingungen,7
30019,Nichts,Unklare Entscheidungsverfahren,3
30024,Zu wenig Zinsen,Zinsen,12
30027,Es ist viel zu kompliziert!,Aufwändige Beantragung,8
30031,Nichts,Aufwändige Beantragung,8
30036,Nichts,Zinsen,12
30038,"Das die Anträge nur über eine Hausbank erfolgen kann, und diese das nur sehr ungerne macht",Abhängigkeit von der Bank,11
30102,Nichts,Aufwändige Beantragung,8
30103,Nichts,Sonstiges,5
30143,Nichts,Zinsen,12
30164,Nichts,Sondertilgungen nicht möglich,15
30173,Zu geringer Zuschuss,Höhe des Zuschusses nicht ausreichend,6
30177,etwas unübersichtlich die homepage,Aufwändige Beantragung,8
30182,Ohne Vorkenntnisse schwierig einzuschätzen welche Förderungen ohne Finanzierungen möglich sind (rein bezuschusst),kein / unbekannter Bedarf (bei Bekannten / Gesprächspartnern),2
30198,Muss jeder für sich entscheiden,kein / unbekannter Bedarf (bei Bekannten / Gesprächspartnern),2
30210,Nichts,Lange Bearbeitungsdauer,4
30228,Nichts,Aufwändige Beantragung,8
30298,Nichts,Erreichbarkeit des Angebots (Serverausfall),10
30319,Nichts,kein / unbekannter Bedarf (bei Bekannten / Gesprächspartnern),2
30322,Nichts,kein / unbekannter Bedarf (bei Bekannten / Gesprächspartnern),2
30326,Nichts,Aufwändige Beantragung,8
30357,Nichts,Lange Bearbeitungsdauer,4
30388,Erfahrungen aus der Vergangenheit,Sonstiges,5
30397,Nichts,Fördermittel (zu schnell) aufgebraucht,16
30402,Die Vorraussetzung und Abwicklung über eine Bank,Abhängigkeit von der Bank,11
30416,"Die richige Bank!  Macht nur die Sparkasse, muss dann die bank wechseln",Abhängigkeit von der Bank,11
30418,Dauer der Antragsbearbeitung,Lange Bearbeitungsdauer,4
30419,Nichts,Aufwändige Beantragung,8
30427,Zu kurze Laufzeiten der Rückzahlung,Zinsen,12
30438,Nichts,Lange Bearbeitungsdauer,4
30443,"Der Unwillen der Banken, Kredite über die KfW zu beantragen/zuzusagen",Abhängigkeit von der Bank,11
30455,Nichts,kein / unbekannter Bedarf (bei Bekannten / Gesprächspartnern),2
30467,Hoher Tilgungsprozentsatz bei Immobilienfinanzierung,unflexible Bedingungen,7
30469,Komplexe Kreditbedingungen,Aufwändige Beantragung,8
30487,Nichts,Abhängigkeit von der Bank,11
30491,Nichts,kein / unbekannter Bedarf (bei Bekannten / Gesprächspartnern),2
30515,Die Hausbanken verzögern und habe kein Interesse an den Krediten,Abhängigkeit von der Bank,11
30521,Komplizierte Beantragung,Aufwändige Beantragung,8
30525,Nichts,Aufwändige Beantragung,8
30527,Nichts,Sondertilgungen nicht möglich,15
30533,Weil das Zinssatz sehr wenig ist,Zinsen,12
30535,Im Grunde nichst bis auf die Laufzeit (keine Vorabauflösung möglich),Sondertilgungen nicht möglich,15
30543,Nichts,Unklare Entscheidungsverfahren,3
30547,Nichts,Zinsen,12
30558,"eingeschränkte Flexibilität beim Wohneigentumsprogramm, da keine zwischenzeitlichen Sondertilgungen möglich sind",unflexible Bedingungen,7
30560,Nichts,Sondertilgungen nicht möglich,15
30561,Nichts,Sonstiges,5
30570,Nichts,Aufwändige Beantragung,8
30612,Nichts,unflexible Bedingungen,7
30629,Bedingungen zu kompilziert,Aufwändige Beantragung,8
30637,Nichts,Lange Bearbeitungsdauer,4
30639,Weil die Beantragung und Verständlichkeiten sehr gut sind,Aufwändige Beantragung,8
30644,Die Suche nach dem richtigen Programm,Aufwändige Beantragung,8
30654,Nichts,Aufwändige Beantragung,8
30702,keine erkennbaren Ansprechpartner,Unklare Entscheidungsverfahren,3
30711,Nichts,unflexible Bedingungen,7
30765,Unübersichtlich,Aufwändige Beantragung,8
30776,Nichts,Aufwändige Beantragung,8
30795,Es ist alles doch recht schwer verständlich,Aufwändige Beantragung,8
30796,Nichts,Aufwändige Beantragung,8
30800,Nichts,Aufwändige Beantragung,8
30813,Summe der Förderung fällt gering aus,unflexible Bedingungen,7
30819,Nichts,Kosten-/Nutzenverhältnis,9
30834,Es ist schwierig das richtige Produkt zu finden,Aufwändige Beantragung,8
30852,Sehr kompliziert,Aufwändige Beantragung,8
30857,"Kenne momentan niemanden, der Förderung nutzen könnte",kein / unbekannter Bedarf (bei Bekannten / Gesprächspartnern),2
30859,Nichts,unflexible Bedingungen,7
30868,Nichts,Aufwändige Beantragung,8
30886,Nichts,Unklare Entscheidungsverfahren,3
30894,Nichts,kein / unbekannter Bedarf (bei Bekannten / Gesprächspartnern),2
30934,Einzelheiten könnten noch optimiert werden,Sonstiges,5
30935,Riesen Aufwand und wenig Kulanz bei Formfehlern,Aufwändige Beantragung,8
30937,Anträge ausser Kindergeld sehr komplex,Aufwändige Beantragung,8
30955,Dass die Mittel barrierefreies Bad 2022 wieder aufgebraucht sind,Fördermittel (zu schnell) aufgebraucht,16
30973,Ohne Medienkompetenz sehr schwierig,Aufwändige Beantragung,8
30987,Nichts,Lange Bearbeitungsdauer,4
31004,Siege letzter Eintrag bezüglich Zwischeninfo / Bearbeitungszeit,Lange Bearbeitungsdauer,4
31007,Nichts,Unklare Entscheidungsverfahren,3
31014,Nichts,Aufwändige Beantragung,8
31028,Internet Antrag,Aufwändige Beantragung,8
31040,die langsamkeit er KFW,Lange Bearbeitungsdauer,4
31061,Nichts,Lange Bearbeitungsdauer,4
31095,Kompliziert,Aufwändige Beantragung,8
31106,Nichts,Aufwändige Beantragung,8
31112,Nichts,Lange Bearbeitungsdauer,4
31136,"Sind ausreichend Eigenmittel da, Tilgung flexibel und schnelle Tilgung, ist KfW zu uninteressant und ein reines Bankdarlehen flexibler",unflexible Bedingungen,7
31146,Nichts,Zinsen,12
31147,Rechtsunsicherheit,Sonstiges,5
31150,"Da es demnächst neue Förderungs Bedingungen gibt und leider keiner wusste ob dann unser Projekt Fertighaus überhaupt noch gefördert wird ,mussten wir den Antrag fast ein Jahr zu früh stellen ,schade",Unklare Entscheidungsverfahren,3
31159,Nichts,Sonstiges,5
31163,Umständlichkeit,Aufwändige Beantragung,8
31167,Nichts,Lange Bearbeitungsdauer,4
31173,Nichts,Aufwändige Beantragung,8
31174,Die Bearbeitungszeit,Lange Bearbeitungsdauer,4
31175,Nichts,Abhängigkeit von der Bank,11
31177,Bonitätseinschätzung im Vorfeld unklar und somit auch das Zinsangebot,Unklare Entscheidungsverfahren,3
31183,Nichts,unflexible Bedingungen,7
31187,Nichts,Abhängigkeit von der Bank,11
31195,Nichts,Zinsen,12
31209,Nichts,Lange Bearbeitungsdauer,4
31213,Nichts,Sondertilgungen nicht möglich,15
31215,fehlende Berater im Einzelfall,Sonstiges,5
31222,"Komplizierte Regeln, undurchsichtige Anforderungen, BAFA / KfW Abgrenzungen unklar, unverhältnismäßige Anforderungen an Sanierungen",Unklare Entscheidungsverfahren,3
31243,Nichts,Zinsen,12
31256,Nichts,Aufwändige Beantragung,8
31260,Nichts,Lange Bearbeitungsdauer,4
31265,Nichts,Abhängigkeit von der Bank,11
31271,Nichts,Lange Bearbeitungsdauer,4
31276,"langwieriger Prozess, sehr hohe Anforderungen",Lange Bearbeitungsdauer,4
31279,Nichts,Aufwändige Beantragung,8
31280,Weniger Zuschuss als Aufwand,Zusätzliche Kosten bei Ausführung/ für Ingenieurleistungen,14
31301,Der Aufwand,Aufwändige Beantragung,8
31322,Nichts,Aufwändige Beantragung,8
31330,Nichts,unflexible Bedingungen,7
31332,Es ist alles sehr kompliziert,Aufwändige Beantragung,8
31336,Nichts,Abhängigkeit von der Bank,11
31343,Nichts,Abhängigkeit von der Bank,11
31344,Dauer von der Beantragung zur Zusage und Auszahlung,Lange Bearbeitungsdauer,4
31345,schlechte Hausbank,Abhängigkeit von der Bank,11
31346,Nichts,Lange Bearbeitungsdauer,4
31347,"Langsamkeit, Unflexibel, bürokratisch",Lange Bearbeitungsdauer,4
31349,Bearbeitungsdauer,Lange Bearbeitungsdauer,4
31356,Nichts,Lange Bearbeitungsdauer,4
31358,Beantragung dauert zu lang,Lange Bearbeitungsdauer,4
31360,Nichts,Zinsen,12
31361,Nichts,Abhängigkeit von der Bank,11
31364,Hohe Tilgung,unflexible Bedingungen,7
31371,Zinssatz,Zinsen,12
31388,Nichts,Abhängigkeit von der Bank,11
31403,Nichts,Abhängigkeit von der Bank,11
31428,Nichts,kein / unbekannter Bedarf (bei Bekannten / Gesprächspartnern),2
31432,Höhe der Förderung und daran geknüpfte Bedingungen,unflexible Bedingungen,7
31435,Die Abwicklung über die Hausbank und der SCHUFA-Eintrag,Abhängigkeit von der Bank,11
31448,Nichts,Aufwändige Beantragung,8
31453,Es einfach zu kompliziert das mit der Hausbank,Abhängigkeit von der Bank,11
31461,Zu hohe Zinsen,Zinsen,12
31474,Mit Beste Beratung vom Sparkasse und schneller Kredit Abwicklung,Abhängigkeit von der Bank,11
31481,Nichts,Zinsen,12
31504,Nichts,Kosten-/Nutzenverhältnis,9
31562,Hängt vom Vorhaben und der Art der Bezuschussung ab,Sonstiges,5
31579,Nichts,Aufwändige Beantragung,8
31592,"bürokratisch strukturiert sonderfälle schwer zu klären,",Aufwändige Beantragung,8
31598,Nichts,Aufwändige Beantragung,8
31609,"Was machen Menschen, die keinen Computer haben?",Aufwändige Beantragung,8
31610,Teilweise hohe Fördervorraussetzungen,Aufwändige Beantragung,8
31612,Bürokratie,Aufwändige Beantragung,8
31651,Nichts,Aufwändige Beantragung,8
31697,Nichts,Aufwändige Beantragung,8
31727,Der bürokratischen Aufwand ist sehr hoch,Aufwändige Beantragung,8
31737,Aufwand für geringere Förderbeträge,Aufwändige Beantragung,8
31779,"die sollen alle ihre Erfahrungsn selbst machen,  dann können sie mitreden",Sonstiges,5
31789,Insgesamt die schwer lesbaren/verstehbaren Dokumente,Aufwändige Beantragung,8
31793,Nichts,Unklare Entscheidungsverfahren,3
31798,Nichts,unflexible Bedingungen,7
31801,Nichts,Aufwändige Beantragung,8
31830,die vierteljährliche Rückzahlung der Kredite sollte auch monatlich möglich sein,unflexible Bedingungen,7
31854,Nichts,Unklare Entscheidungsverfahren,3
31874,feste laufzeiten keine vorzeitige ablösung,unflexible Bedingungen,7
31875,keine unentgeltlichen Sondertilgungen möglich,Sondertilgungen nicht möglich,15
31892,Nichts,Abhängigkeit von der Bank,11
31895,Zu viele Auflagen,Aufwändige Beantragung,8
31906,Fehlende Möglichkeit von Sondertilgungen,Sondertilgungen nicht möglich,15
31921,"Vielleicht, die Unmöglichkeit der vorzeitigen Rückzahlung",Sondertilgungen nicht möglich,15
31924,Nichts,Zinsen,12
31938,Bekanntes Angebot,Sonstiges,5
31946,Nichts,Zinsen,12
31976,Nichts,Aufwändige Beantragung,8
31983,Nichts,Aufwändige Beantragung,8
32000,Nichts,Aufwändige Beantragung,8
32005,die Notwendigkeit externe Berater einzuschalten,unflexible Bedingungen,7
32013,Keine Auszahlung,Lange Bearbeitungsdauer,4
32048,Nichts,Aufwändige Beantragung,8
32059,Kommunikation mangelhaft,Sonstiges,5
32071,Nichts,kein / unbekannter Bedarf (bei Bekannten / Gesprächspartnern),2
32091,zu persönlich,kein / unbekannter Bedarf (bei Bekannten / Gesprächspartnern),2
32100,Nichts,Aufwändige Beantragung,8
32130,Unklare Anforderungen,Aufwändige Beantragung,8
32186,Nichts,unflexible Bedingungen,7
32194,Nichts,Unklare Entscheidungsverfahren,3
32205,"Bürokratie, umständlich, keine persönliche Auskunft möglich",Aufwändige Beantragung,8
32212,Häufig zu kompliziert und bürokratisch,Aufwändige Beantragung,8
32258,Nichts,unflexible Bedingungen,7
32263,Lange Wartezeit bis zur Auszahlung,Lange Bearbeitungsdauer,4
32274,Oben beschriebene Abarbeitung und fehlende Hilfestellung,Aufwändige Beantragung,8
32295,Nichts,Aufwändige Beantragung,8
32315,Nichts,Lange Bearbeitungsdauer,4
32326,Lange Bearbeitungszeit,Lange Bearbeitungsdauer,4
32328,Das Produkt Baukindergeld ist ausgelaufen,Fördermittel (zu schnell) aufgebraucht,16
32347,Nichts,Aufwändige Beantragung,8
32366,Nichts,Aufwändige Beantragung,8
32367,Direkt Kontakt mit der Kunden,Abhängigkeit von der Bank,11
32383,Kundenunfreundlichkeit und Unzuverlässigkeit in den Aussagen,Sonstiges,5
32394,Nichts,Sonstiges,5
32401,Nichts,Aufwändige Beantragung,8
32402,Bei kleinen Fehlern bei Antragstellung wird die Auszahlung verweigert und es gibt keinen gesetzlichen Anspruch,unflexible Bedingungen,7
32404,Nichts,kein / unbekannter Bedarf (bei Bekannten / Gesprächspartnern),2
32410,Ich wollte zu alle empfehlen aber ich habe noch keine Antwort bekommen,Sonstiges,5
32480,Aufwendiger Antragsprozeß und schlecht informierte Mitarbeiter der Hausbank,Aufwändige Beantragung,8
32481,Nichts,Zinsen,12
32482,Extremer Formalismus und komplexe Produkte,unflexible Bedingungen,7
32492,Nichts,unflexible Bedingungen,7
32497,Nichts,Aufwändige Beantragung,8
32502,die Wartezeiten auf persönliche Beratung,Lange Bearbeitungsdauer,4
32503,das man nur über eine Hausbank finanzieren kann,Abhängigkeit von der Bank,11
32533,Nichts,unflexible Bedingungen,7
32534,Nichts,Zinsen,12
32537,Nichts,Sonstiges,5
32546,Nichts,Unklare Entscheidungsverfahren,3
32557,Die Zinssätze,Zinsen,12
32561,Nichts,Lange Bearbeitungsdauer,4
32566,Nichts,Sondertilgungen nicht möglich,15
32572,Nichts,Aufwändige Beantragung,8
32576,Nichts,Lange Bearbeitungsdauer,4
32583,Nichts,Unklare Entscheidungsverfahren,3
32590,viele meiner Bekannten haben gar keine Chance einen Kredit zu beantragen,kein / unbekannter Bedarf (bei Bekannten / Gesprächspartnern),2
32596,Unübersichtlichkeit der Förderprodukte,Aufwändige Beantragung,8
32621,Nichts,Abhängigkeit von der Bank,11
32626,Nichts,Aufwändige Beantragung,8
32639,Nichts,unflexible Bedingungen,7
32653,Beantragung der Förderung über Banken,Abhängigkeit von der Bank,11
32654,Nichts,Zusätzliche Kosten bei Ausführung/ für Ingenieurleistungen,14
32659,Nichts,unflexible Bedingungen,7
32678,Nichts,unflexible Bedingungen,7
32681,Nichts,kein / unbekannter Bedarf (bei Bekannten / Gesprächspartnern),2
32687,Nichts,Lange Bearbeitungsdauer,4
32694,"Die Empfehlung eines Energieberaters, der versteht was man möchte ist sehr schwer!",Aufwändige Beantragung,8
32695,enge Förderkriterien,unflexible Bedingungen,7
32697,Umfangreiche Mindestanforderungen,Zusätzliche Kosten bei Ausführung/ für Ingenieurleistungen,14
32703,Nichts,Aufwändige Beantragung,8
32713,Nichts,Aufwändige Beantragung,8
32721,Nichts,Sonstiges,5
32737,Banken scheinen KfW nur widerwillig zu machen - meinen der Aufwand sei sehr hoch,Abhängigkeit von der Bank,11
32743,Umfangreiche Antragsstellung,Aufwändige Beantragung,8
32745,Nichts,Aufwändige Beantragung,8
32747,Nichts,Lange Bearbeitungsdauer,4
32752,Nichts,unflexible Bedingungen,7
32758,Die Lange bearbeitungszeit von Antrag bis Auszahlung,Lange Bearbeitungsdauer,4
32765,Nichts,Lange Bearbeitungsdauer,4
32779,Nichts,Aufwändige Beantragung,8
32789,Einfachkeit und Schnelligkeit,Aufwändige Beantragung,8
32796,Das die Banken kein Interesse daran haben,Abhängigkeit von der Bank,11
32809,Förderprogramme viel zu bürokratisch,Aufwändige Beantragung,8
32815,Nichts,unflexible Bedingungen,7
32818,Nichts,Abhängigkeit von der Bank,11
32819,Nichts,Zinsen,12
32829,Meine eigene Unkenntnis,Sonstiges,5
32836,Nichts,Abhängigkeit von der Bank,11
32849,Nichts,Sonstiges,5
32874,Nichts,unflexible Bedingungen,7
32902,Bürokratie,Aufwändige Beantragung,8
32951,Einstellung von Förderungen,Sonstiges,5
32977,Nichts,Lange Bearbeitungsdauer,4
32987,Nichts,Lange Bearbeitungsdauer,4
32996,Komplexe viele und unübersichtliche Programme Banken wollen oft eigene Finanzierung anbieten - werde dies auch so mit Freunden kommunizieren aus eigener Erfahrung,Aufwändige Beantragung,8
33011,Dass der Fördertopf für wallboxes leer ist,Fördermittel (zu schnell) aufgebraucht,16
33039,Zinssätze sind schlechter als bei der Bank,Zinsen,12
33044,Nichts,Aufwändige Beantragung,8
33063,Nichts,Abhängigkeit von der Bank,11
33103,Nichts,kein / unbekannter Bedarf (bei Bekannten / Gesprächspartnern),2
33133,Nichts,Aufwändige Beantragung,8
33142,Begrenzte Zuschüsse,Fördermittel (zu schnell) aufgebraucht,16
33260,Nichts,Sonstiges,5
33270,"Es ist Zeitintensiv, braucht ne Menge Papier",Lange Bearbeitungsdauer,4
33272,Hausbankprinzip,Abhängigkeit von der Bank,11
33285,Nichts,Abhängigkeit von der Bank,11
33289,Nichts,unflexible Bedingungen,7
33295,Nichts,Abhängigkeit von der Bank,11
33302,das umständliche Prozedere,Aufwändige Beantragung,8
33316,Fehlende Transparenz,Unklare Entscheidungsverfahren,3
33322,zu hohe Zinssätze,Zinsen,12
33330,Nichts,Aufwändige Beantragung,8
33357,Einschränkungen hinsichtlich der Nutzung anderer Darlehensanbieter,unflexible Bedingungen,7
33368,Nichts,Zinsen,12
